<navigation>
	<group name="Publish" index="100" sections="true">
		<children>
			
		</children>
	</group>

	<group name="Blueprints" limit="developer" index="200">
		<children>
			<item link="/blueprints/pages/" name="Pages" />
			<item link="/blueprints/pages/new/" name="Pages New" visible="no" />
			<item link="/blueprints/pages/edit/" name="Pages Edit" visible="no" />

			<item link="/blueprints/components/" name="Components" />
			
			<item link="/blueprints/datasources/new/" name="Datasource New" visible="no" />
			<item link="/blueprints/datasources/edit/" name="Datasource Edit" visible="no" />			
			<item link="/blueprints/datasources/info/" name="Datasource Info" visible="no" />
			
			<item link="/blueprints/events/info/" name="Event Info" visible="no" />			

			<item link="/blueprints/utilities/new/" name="Utility New" visible="no" />
			<item link="/blueprints/utilities/edit/" name="Utility Edit" visible="no" />
			
			<item link="/blueprints/sections/" name="Sections" />
			<item link="/blueprints/sections/new/" name="Section New" visible="no" />
			<item link="/blueprints/sections/edit/" name="Section Edit" visible="no" />
						
		</children>
	</group>
	
	<group name="System" index="300" extensions="true">
		<children>
			<item link="/system/authors/" name="Authors" />
			<item link="/system/authors/edit/" name="Author Edit" visible="no" />
			<item link="/system/authors/new/" name="Author New" visible="no" limit="developer" />
			<item link="/system/authors/summary/" name="Author Summary" visible="no" />
			
			<item link="/system/preferences/" limit="developer" name="Preferences" />
			
			<item link="/system/extensions/" limit="developer" name="Extensions" />
			<item link="/system/extensions/info/" name="Extension Information" visible="no" />	
			
			<item link="/system/actions/" limit="primary" visible="no" name="File Actions" />
			<item link="/system/log/" limit="primary" visible="no" name="Activity Log" />					
		</children>
	</group>
</navigation>
