﻿<tags>
<a href="http://www.domain7.com/" title="2 topics" rel="tag" style="font-size: 50pt;" color="0x0000ff">Domain7</a>
<a href="http://www.digg.com/" class="tag-link-39" title="1 topics" rel="tag" style="font-size: 8pt;">Digg</a>
<a href="http://www.roytanck.com/tag/api/" class="tag-link-54" title="2 topics" rel="tag" style="font-size: 9.55556pt;">API</a>
<a href="http://www.roytanck.com/tag/avi/" class="tag-link-42" title="1 topics" rel="tag" style="font-size: 8pt;">AVI</a>
<a href="http://www.roytanck.com/tag/bank/" class="tag-link-25" title="1 topics" rel="tag" style="font-size: 16pt;">bank</a>
<a href="http://www.roytanck.com/tag/bizner/" class="tag-link-27" title="1 topics" rel="tag" style="font-size: 18pt;">Bizner</a>
<a href="http://www.roytanck.com/tag/calendar/" class="tag-link-29" title="1 topics" rel="tag" style="font-size: 8pt;">calendar</a>
<a href="http://www.roytanck.com/tag/convert/" class="tag-link-43" title="1 topics" rel="tag" style="font-size: 17pt;" hicolor="0x000099">convert</a>
<a href="http://www.roytanck.com/tag/design/" class="tag-link-24" title="1 topics" rel="tag" style="font-size: 8pt;">design</a>
<a href="http://www.roytanck.com/tag/drivers/" class="tag-link-48" title="2 topics" rel="tag" style="font-size: 9.55556pt;">drivers</a>
<a href="http://www.roytanck.com/tag/entrepreneurship/" class="tag-link-26" title="2 topics" rel="tag" style="font-size: 9.55556pt;">entrepreneurship</a>
<a href="http://www.roytanck.com/tag/firefox/" class="tag-link-37" title="3 topics" rel="tag" style="font-size: 11.1111pt;">Firefox</a>
<a href="http://www.roytanck.com/tag/flash/" class="tag-link-18" title="1 topics" rel="tag" style="font-size: 8pt;">Flash</a>
<a href="http://www.roytanck.com/tag/gadgets/" class="tag-link-4" title="4 topics" rel="tag" style="font-size: 12.6667pt;">Gadgets</a>
<a href="http://www.roytanck.com/tag/google/" class="tag-link-28" title="1 topics" rel="tag" style="font-size: 8pt;">Google</a>
<a href="http://www.roytanck.com/tag/goosync/" class="tag-link-32" title="1 topics" rel="tag" style="font-size: 8pt;">GooSync</a>
<a href="http://www.roytanck.com/tag/hub/" class="tag-link-56" title="2 topics" rel="tag" style="font-size: 9.55556pt;">hub</a>
<a href="http://www.roytanck.com/tag/idea/" class="tag-link-57" title="2 topics" rel="tag" style="font-size: 9.55556pt;">idea</a>
<a href="http://www.roytanck.com/tag/internet/" class="tag-link-8" title="1 topics" rel="tag" style="font-size: 8pt;">Internet</a>
<a href="http://www.roytanck.com/tag/lan/" class="tag-link-61" title="2 topics" rel="tag" style="font-size: 9.55556pt;">LAN</a>
<a href="http://www.roytanck.com/tag/laptop/" class="tag-link-65" title="2 topics" rel="tag" style="font-size: 9.55556pt;">laptop</a>
<a href="http://www.roytanck.com/tag/medison-celebrity/" class="tag-link-64" title="2 topics" rel="tag" style="font-size: 12,074074074074pt;">Medison&nbsp;Celebrity</a>
<a href="http://www.roytanck.com/tag/mobile-phone/" class="tag-link-34" title="2 topics" rel="tag" style="font-size: 9,55556pt;">mobile&nbsp;phone</a>
<a href="http://www.roytanck.com/tag/nabaztag/" class="tag-link-50" title="2 topics" rel="tag" style="font-size: 9,55556pt;">Nabaztag</a>
<a href="http://www.roytanck.com/tag/networking/" class="tag-link-62" title="2 topics" rel="tag" style="font-size: 9,55556pt;">networking</a>
<a href="http://www.roytanck.com/tag/nview/" class="tag-link-45" title="1 topics" rel="tag" style="font-size: 22pt;">nView</a>
<a href="http://www.roytanck.com/tag/photo-gallery/" class="tag-link-38" title="1 topics" rel="tag" style="font-size: 8pt;">photo&nbsp;gallery</a>
<a href="http://www.roytanck.com/tag/piclens/" class="tag-link-36" title="1 topics" rel="tag" style="font-size: 8pt;">PicLens</a>
<a href="http://www.roytanck.com/tag/plugin/" class="tag-link-40" title="3 topics" rel="tag" style="font-size: 11.1111pt;">plugin</a>
<a href="http://www.roytanck.com/tag/plugins/" class="tag-link-85" title="2 topics" rel="tag" style="font-size: 9.55556pt;">plugins</a>
<a href="http://www.roytanck.com/tag/quicktime/" class="tag-link-41" title="1 topics" rel="tag" style="font-size: 8pt;">QuickTime</a>
<a href="http://www.roytanck.com/tag/software/" class="tag-link-5" title="3 topics" rel="tag" style="font-size: 11.1111pt;">Software</a>
<a href="http://www.roytanck.com/tag/swf/" class="tag-link-84" title="2 topics" rel="tag" style="font-size: 15pt;">SWF</a>
<a href="http://www.roytanck.com/tag/switches/" class="tag-link-58" title="2 topics" rel="tag" style="font-size: 9.55556pt;">switches</a>
<a href="http://www.roytanck.com/tag/sync/" class="tag-link-30" title="1 topics" rel="tag" style="font-size: 8pt;">sync</a>
<a href="http://www.roytanck.com/tag/syncml/" class="tag-link-35" title="1 topics" rel="tag" style="font-size: 8pt;">SyncML</a>
<a href="http://www.roytanck.com/tag/testing/" class="tag-link-23" title="1 topics" rel="tag" style="font-size: 8pt;">testing</a>
<a href="http://www.roytanck.com/tag/themes/" class="tag-link-22" title="4 topics" rel="tag" style="font-size: 12.6667pt;">themes</a>
<a href="http://www.roytanck.com/tag/usb/" class="tag-link-55" title="2 topics" rel="tag" style="font-size: 9.55556pt;">USB</a>
<a href="http://www.roytanck.com/tag/video/" class="tag-link-44" title="1 topics" rel="tag" style="font-size: 17pt;">video</a>
<a href="http://www.roytanck.com/tag/video-cards/" class="tag-link-49" title="1 topics" rel="tag" style="font-size: 8pt;">video&nbsp;cards</a>
<a href="http://www.roytanck.com/tag/vista/" class="tag-link-47" title="2 topics" rel="tag" style="font-size: 23pt;" color="0xff0000" hicolor="0x00ff00">Vista</a>
<a href="http://www.roytanck.com/tag/wifi/" class="tag-link-51" title="2 topics" rel="tag" style="font-size: 9.55556pt;">wifi</a>
<a href="http://www.roytanck.com/tag/windows/" class="tag-link-46" title="1 topics" rel="tag" style="font-size: 14pt;">Windows</a>
<a href="http://www.roytanck.com/tag/wordpress/" class="tag-link-19" title="10 topics" rel="tag" style="font-size: 22pt;" color="0xff0099" hicolor="0x000099">WordPress</a>
</tags>